id,categoria,categoria_nombre,nombre,color,talles,unidades,precio_original,precio_liquidacion,imagen_url,imagen_url_alt
1,buzos,Buzos & Sweaters,Adapted Blanco,Blanco,S×1 | XXL×1,2,45000,29200,https://drive.google.com/file/d/1IsiKUlu0KpRrjoBet-HF0VcH8PtaEoyE/view?usp=sharing,https://drive.google.com/file/d/1mlxiZDAeiFokNJ-lb0ZzpsbrYVpkHG-z/view?usp=sharing
2,buzos,Buzos & Sweaters,Amsterdam Negro,Negro,L×1,1,45000,29200,,
3,buzos,Buzos & Sweaters,Border Negro,Negro,M×1,1,45000,29200,,
4,buzos,Buzos & Sweaters,Border Vainilla,Vainilla,M×1 | XL×1,2,45000,29200,,
5,buzos,Buzos & Sweaters,Dinger Marron,Marrón,XL×1,1,45000,29200,,
6,buzos,Buzos & Sweaters,Dinger Negro,Negro,S×2,2,45000,29200,,
7,buzos,Buzos & Sweaters,Dinger Vainilla,Vainilla,L×2 | XL×1 | XXL×1,4,45000,29200,,
8,buzos,Buzos & Sweaters,Sawk Verde,Verde,L×1,1,45000,29200,,
9,buzos,Buzos & Sweaters,Search Negro,Negro,XS×2 | XXL×2,4,45000,29200,,
10,buzos,Buzos & Sweaters,Statement Beige - Gris,Gris,S×1 | M×1 | L×1 | XL×1,4,45000,29200,,
11,buzos,Buzos & Sweaters,Statement Marron,Marrón,S×1 | M×1 | L×1 | XL×1 | XXL×1,5,45000,29200,,
12,buzos,Buzos & Sweaters,Superior Blanco,Blanco,S×1 | M×1 | XXL×2,4,45000,29200,,
13,buzos,Buzos & Sweaters,Deserve Azul,Azul,S×1 | XXL×1,2,45000,29200,,
14,buzos,Buzos & Sweaters,Gravity Astronauta,,XL×1,1,45000,29200,,
15,buzos,Buzos & Sweaters,Roclylong Irreverent Gris,Gris,S×1 | M×1,2,45000,29200,,
16,buzos,Buzos & Sweaters,Swep Blanco Y Gris,Gris,S×1 | L×2,3,45000,29200,,
17,buzos,Buzos & Sweaters,Thega Galaxia,,M×2 | XL×1,3,45000,29200,,
18,buzos,Buzos & Sweaters,Marsh Negro,Negro,S×1 | M×2,3,45000,29200,,
19,buzos,Buzos & Sweaters,""""" Rosa",Rosa,M×2 | L×3 | XL×1,6,45000,29200,,
20,buzos,Buzos & Sweaters,Arthur Beige,Beige,3XL×1,1,45000,29200,,
21,buzos,Buzos & Sweaters,""""" Blanco",Blanco,L×1 | XXL×1 | 3XL×1,3,45000,29200,,
22,buzos,Buzos & Sweaters,""""" Camel",Camel,XL×2 | 3XL×1,3,45000,29200,,
23,buzos,Buzos & Sweaters,""""" Coral",Coral,S×1,1,45000,29200,,
24,buzos,Buzos & Sweaters,""""" Negro",Negro,S×2 | M×3 | 3XL×1,6,45000,29200,,
25,buzos,Buzos & Sweaters,""""" Verde",Verde,S×1 | M×1 | XXL×1 | 3XL×1,4,45000,29200,,
26,buzos,Buzos & Sweaters,""""" Violeta",Violeta,M×1,1,45000,29200,,
27,buzos,Buzos & Sweaters,""""" Rosa",Rosa,XXL×2,2,45000,29200,,
28,buzos,Buzos & Sweaters,""""" Nuevo Arena",Arena,XS×1 | M×2,3,45000,29200,,
29,buzos,Buzos & Sweaters,""""" Cemento",Cemento,XS×2,2,45000,29200,,
30,buzos,Buzos & Sweaters,Premium Celeste,Celeste,XL×1,1,45000,29200,,
31,buzos,Buzos & Sweaters,Mau Negro,Negro,S×1,1,45000,29200,,
32,buzos,Buzos & Sweaters,Wiilson,,XXL×1,1,45000,29200,,
33,buzos,Buzos & Sweaters,""""" Camel",Camel,M×1 | L×1 | XL×1,3,45000,29200,,
34,buzos,Buzos & Sweaters,""""" Negro",Negro,L×1,1,45000,29200,,
35,buzos,Buzos & Sweaters,"Escote ""v"" Gris",Gris,S×2 | M×2,4,45000,29200,,
36,buzos,Buzos & Sweaters,1/2 Polera Gris Claro,Gris Claro,S×1,1,45000,29200,,
37,buzos,Buzos & Sweaters,1/2 Polera Cierre Gris Claro,Gris Claro,S×1,1,45000,29200,,
38,buzos,Buzos & Sweaters,Negra,Negro,S×2 | M×1 | L×2,5,45000,29200,,
39,buzos,Buzos & Sweaters,Azul,Azul,S×1,1,45000,29200,,
40,buzos,Buzos & Sweaters,Gris Oscuro,Gris Oscuro,S×1 | M×3,4,45000,29200,,
41,buzos,Buzos & Sweaters,Gris Claro,Gris Claro,M×2 | XL×1,3,45000,29200,,
42,bermudas,Bermudas,A Azul,Azul,38×2 | 40×1,3,41000,26600,,
43,bermudas,Bermudas,B,,38×1 | 40×1 | 42×2,4,41000,26600,,
44,bermudas,Bermudas,C,,38×1,1,41000,26600,,
45,bermudas,Bermudas,D,,38×2 | 40×3 | 46×1,6,41000,26600,,
46,bermudas,Bermudas,P Rectangulo Roto,,38×2,2,41000,26600,,
47,bermudas,Bermudas,Blanca Letra,Blanco,38×1,1,41000,26600,,
48,bermudas,Bermudas,Blanca Sana,Blanco,38×1,1,41000,26600,,
49,bermudas,Bermudas,Blanca Eliot,Blanco,38×1,1,41000,26600,,
50,bermudas,Bermudas,Blanca Rota Rotura,Blanco,38×3 | 40×2,5,41000,26600,,
51,bermudas,Bermudas,Bline Gris Roturas,Gris,40×1,1,41000,26600,,
52,bermudas,Bermudas,Frk,,38×3,3,41000,26600,,
53,bermudas,Bermudas,Indigo,Índigo,40×1,1,41000,26600,,
54,bermudas,Bermudas,Meison Gris Roturas,Gris,38×1,1,41000,26600,,
55,bermudas,Bermudas,Montreal ?,,38×1,1,41000,26600,,
56,bermudas,Bermudas,Paez,,38×1 | 40×2,3,41000,26600,,
57,bermudas,Bermudas,Raily ?,,40×1,1,41000,26600,,
58,bermudas,Bermudas,Ralt,,38×1 | 40×1 | 42×1,3,41000,26600,,
59,bermudas,Bermudas,Black,Negro,50×1,1,41000,26600,,
60,bermudas,Bermudas,Negra Roto Rotura,Negro,38×2,2,41000,26600,,
61,bermudas,Bermudas,Radne Salmon,Salmón,38×1,1,41000,26600,,
62,bermudas,Bermudas,Radne Verde,Verde,38×2 | 40×1,3,41000,26600,,
63,bermudas,Bermudas,Radne Rosa,Rosa,38×2 | 40×2 | 42×2 | 46×1,7,41000,26600,,
64,bermudas,Bermudas,Rober Arena,Arena,38×1 | 40×2 | 42×2 | 46×1,6,41000,26600,,
65,bermudas,Bermudas,Rober Negra,Negro,38×2 | 40×2 | 46×1,5,41000,26600,,
66,bermudas,Bermudas,Rober Negra Costura Blanca,Blanco,40×1 | 44×1 | 46×3 | 48×2 | 50×2,9,41000,26600,,
67,bermudas,Bermudas,Curie,,44×1,1,41000,26600,,
68,bermudas,Bermudas,Darling,,46×1,1,41000,26600,,
69,bermudas,Bermudas,Edison Carpintera,,40×1 | 44×1,2,41000,26600,,
70,bermudas,Bermudas,Giorgi Negra,Negro,38×2 | 40×2 | 42×1 | 44×1 | 48×1,7,41000,26600,,
71,bermudas,Bermudas,Kamet,,38×1 | 40×1 | 42×1,3,41000,26600,,
72,bermudas,Bermudas,Kovalino,,40×1 | 42×1 | 44×1 | 48×1,4,41000,26600,,
73,bermudas,Bermudas,Maracay,,38×2 | 42×1,3,41000,26600,,
74,bermudas,Bermudas,Rally,,44×1,1,41000,26600,,
75,bermudas,Bermudas,Smith Cargo Jean,,42×1 | 44×1,2,41000,26600,,
76,bermudas,Bermudas,Thibar Negra Rigido,Negro,44×3,3,41000,26600,,
77,bermudas,Bermudas,Yelapa Ruedo Deshecho,,38×2 | 44×2,4,41000,26600,,
78,bermudas,Bermudas,Barry,,40×1 | 44×1 | 50×2,4,41000,26600,,
79,bermudas,Bermudas,F Gris,Gris,38×1 | 50×1,2,41000,26600,,
80,bermudas,Bermudas,Litwi,,38×1 | 40×1 | 44×1 | 50×3,6,41000,26600,,
81,bermudas,Bermudas,Lawes,,38×1 | 50×1,2,41000,26600,,
82,bermudas,Bermudas,Negra Tira Blanca,Blanco,40×3 | 46×1 | 50×4,8,41000,26600,,
83,bermudas,Bermudas,Roward Cargo Gris,Gris,44×1,1,41000,26600,,
84,bermudas,Bermudas,Bilbao Verde Corte Chino,Verde,38×1 | 40×1 | 42×3 | 48×1 | 50×1,7,41000,26600,,
85,bermudas,Bermudas,Bilbao Gris Corte Chino,Gris,38×1 | 40×1,2,41000,26600,,
86,bermudas,Bermudas,B,,38×1,1,41000,26600,,
87,bermudas,Bermudas,O,,38×1,1,41000,26600,,
88,bermudas,Bermudas,Allan,,42×1,1,41000,26600,,
89,bermudas,Bermudas,Bahreim,,38×1,1,41000,26600,,
90,bermudas,Bermudas,Boris Blanco,Blanco,38×1 | 40×1 | 42×1 | 46×1 | 48×4,8,41000,26600,,
91,bermudas,Bermudas,Capre Blanco,Blanco,40×1 | 46×1,2,41000,26600,,
92,bermudas,Bermudas,Elast Risk,,38×1,1,41000,26600,,
93,bermudas,Bermudas,Estatico,,38×2 | 40×5,7,41000,26600,,
94,bermudas,Bermudas,Jacksy,,38×1,1,41000,26600,,
95,bermudas,Bermudas,Kolin ?,,38×2,2,41000,26600,,
96,bermudas,Bermudas,Mainque,,38×1,1,41000,26600,,
97,bermudas,Bermudas,Mick,,38×1,1,41000,26600,,
98,bermudas,Bermudas,Nevado,,38×2 | 46×2,4,41000,26600,,
99,bermudas,Bermudas,Perci,,38×1,1,41000,26600,,
100,bermudas,Bermudas,Rizzo,,38×1 | 48×1,2,41000,26600,,
101,bermudas,Bermudas,Wanna,,38×2,2,41000,26600,,
102,bermudas,Bermudas,Zubat,,38×1 | 40×1,2,41000,26600,,
103,bermudas,Bermudas,Craig,,44×1,1,41000,26600,,
104,bermudas,Bermudas,Mouna Blanco,Blanco,38×1 | 46×1 | 48×1,3,41000,26600,,
105,bermudas,Bermudas,Shelton,,44×1,1,41000,26600,,
106,bermudas,Bermudas,Roberto Arena,Arena,38×1 | 40×1 | 42×1 | 48×1,4,41000,26600,,
107,bermudas,Bermudas,Acadi O Aldrin Negro,Negro,40×1 | 46×1,2,41000,26600,,
108,bermudas,Bermudas,Olaf Arena,Arena,38×2 | 40×3,5,41000,26600,,
109,bermudas,Bermudas,Oslo Parachute Cargo Arena,Arena,44×2 | 46×1,3,41000,26600,,
110,bermudas,Bermudas,Super Black,Negro,40×2 | 42×1,3,41000,26600,,
111,bermudas,Bermudas,Valley Carpintero,,40×1,1,41000,26600,,
112,bermudas,Bermudas,Negro,Negro,16×1,1,41000,26600,,
113,bermudas,Bermudas,Negro Roberto,Negro,50×2,2,41000,26600,,
114,bermudas,Bermudas,Superior,,38×3,3,41000,26600,,
115,bermudas,Bermudas,Desert Negro,Negro,38×1,1,41000,26600,,
116,bermudas,Bermudas,Desert Verde,Verde,40×2 | 42×2,4,41000,26600,,
117,bermudas,Bermudas,Roberto,,40×2 | 42×1,3,41000,26600,,
118,bermudas,Bermudas,Dissio Jogging Negro,Negro,40×1 | 42×1,2,41000,26600,,
119,bermudas,Bermudas,Loki Jogging Negro,Negro,40×2,2,41000,26600,,
120,bermudas,Bermudas,Robert Jogging Negro Puño,Negro,40×1,1,41000,26600,,
121,camisas,Camisas,Azul Colectivero,Azul,XS×1,1,44000,28600,,
122,camisas,Camisas,Azul Noche,Azul,XS×2 | M×1,3,44000,28600,,
123,camisas,Camisas,Azul Hojas,Azul,S×1,1,44000,28600,,
124,camisas,Camisas,Azul Letras Blancas,Azul,XS×1,1,44000,28600,,
125,camisas,Camisas,Azul Letras,Azul,XS×1,1,44000,28600,,
126,camisas,Camisas,Blanca Cuernos,Blanco,M×2,2,44000,28600,,
127,camisas,Camisas,Blanca Farenheite,Blanco,XS×1,1,44000,28600,,
128,camisas,Camisas,Blanca Firmas,Blanco,M×1,1,44000,28600,,
129,camisas,Camisas,Blanca Lentes,Blanco,M×1 | L×1,2,44000,28600,,
130,camisas,Camisas,Blanca Pers,Blanco,M×1,1,44000,28600,,
131,camisas,Camisas,Blanca Tijera,Blanco,XS×2 | S×1 | M×2,5,44000,28600,,
132,camisas,Camisas,Bordo Lisa,Bordó,XS×2 | S×1,3,44000,28600,,
133,camisas,Camisas,Bordo Letras,Bordó,XS×2,2,44000,28600,,
134,camisas,Camisas,Bordo Aventure,Bordó,S×2 | M×2 | L×1,5,44000,28600,,
135,camisas,Camisas,Caballo Celeste,Celeste,S×1 | M×2,3,44000,28600,,
136,camisas,Camisas,Caballo Azul,Azul,M×2 | L×1,3,44000,28600,,
137,camisas,Camisas,Caballo Negro,Negro,S×2,2,44000,28600,,
138,camisas,Camisas,Gris Claro,Gris Claro,XS×2 | S×1 | M×1 | L×1,5,44000,28600,,
139,camisas,Camisas,Gris Letras,Gris,XS×2 | S×3,5,44000,28600,,
140,camisas,Camisas,Gris Oscuro,Gris Oscuro,XS×1,1,44000,28600,,
141,camisas,Camisas,Gris Perlado,Gris,XS×3,3,44000,28600,,
142,camisas,Camisas,Jean Gris,Gris,XS×4,4,44000,28600,,
143,camisas,Camisas,Jean Celeste,Celeste,S×1 | M×1 | L×1 | XL×2,5,44000,28600,,
144,camisas,Camisas,Mao Blanca,Blanco,M×1 | L×1,2,44000,28600,,
145,camisas,Camisas,Mao Negra,Negro,S×1 | M×2 | L×1,4,44000,28600,,
146,camisas,Camisas,Negra Lentes,Negro,XS×2,2,44000,28600,,
147,camisas,Camisas,Negra Lisa,Negro,S×1,1,44000,28600,,
148,camisas,Camisas,Negra Fuck,Negro,XS×1,1,44000,28600,,
149,camisas,Camisas,Rosa Lisa,Rosa,M×1,1,44000,28600,,
150,camisas,Camisas,Verde Militar,Verde,S×2 | M×1,3,44000,28600,,
151,camisas,Camisas,Blanca,Blanco,S×1 | M×3,4,44000,28600,,
152,camisas,Camisas,Roja,Rojo,S×1,1,44000,28600,,
153,camisas,Camisas,Verde,Verde,S×2 | M×1 | XXL×1,4,44000,28600,,
154,camisas,Camisas,Azul,Azul,S×3 | M×1 | L×1,5,44000,28600,,
155,camisas,Camisas,Blanca,Blanco,M×2 | XXL×3,5,44000,28600,,
156,camisas,Camisas,Negra,Negro,S×3,3,44000,28600,,
157,camisas,Camisas,Negra Rayas,Negro,XXL×2,2,44000,28600,,
158,camisas,Camisas,Blanca Y Beige,Beige,XXL×2,2,44000,28600,,
159,camisas,Camisas,Verde,Verde,XXL×2,2,44000,28600,,
160,camisas,Camisas,Celeste Y Azul,Azul,XL×2 | XXL×2,4,44000,28600,,
161,camisas,Camisas,Azul,Azul,S×1 | L×1 | XL×4,6,44000,28600,,
162,camisas,Camisas,Blanca,Blanco,M×2 | L×4 | XL×4,10,44000,28600,,
163,camisas,Camisas,Blanca Vieja,Blanco,M×2 | XL×1 | XXL×1,4,44000,28600,,
164,camisas,Camisas,Bordo,Bordó,S×1 | L×1,2,44000,28600,,
165,camisas,Camisas,Celeste,Celeste,S×1 | M×2 | L×2 | XL×1,6,44000,28600,,
166,camisas,Camisas,Gris Claro,Gris Claro,M×3 | L×3 | XL×2 | XXL×2,10,44000,28600,,
167,camisas,Camisas,Negra,Negro,M×2 | L×2 | XL×2,6,44000,28600,,
168,camisas,Camisas,Rosa,Rosa,M×1 | L×1 | XXL×1,3,44000,28600,,
169,camisas,Camisas,Verde Claro,Verde Claro,M×1 | L×1,2,44000,28600,,
170,camisas,Camisas,Verde Oscuro,Verde Oscuro,L×2 | XL×2,4,44000,28600,,
171,camisas,Camisas,Fibrana Ml Mao Blanca Y Negra,Negro,M×2 | L×1,3,44000,28600,,
172,camisas,Camisas,Fibrana Mc Blanca Y Azul,Azul,L×2,2,44000,28600,,
173,camisas,Camisas,""" Negra Y Marron",Marrón,L×1,1,44000,28600,,
174,camisas,Camisas,""" Negra Y Naranja",Naranja,M×1 | L×3 | XL×1,5,44000,28600,,
175,camisas,Camisas,""" Hoja Verde",Verde,S×1 | M×2 | L×1,4,44000,28600,,
176,camisas,Camisas,All Express Roja,Rojo,L×2 | XL×1,3,44000,28600,,
177,camisas,Camisas,A Lot Negra,Negro,XS×2 | S×1,3,44000,28600,,
178,camisas,Camisas,Altive Blanca,Blanco,XS×1,1,44000,28600,,
179,camisas,Camisas,Altive Negra,Negro,S×2,2,44000,28600,,
180,camisas,Camisas,Antua Celeste,Celeste,S×3,3,44000,28600,,
181,camisas,Camisas,Arrow Negra,Negro,XL×1 | XXL×1,2,44000,28600,,
182,camisas,Camisas,Bad Habit,,S×1 | XL×1,2,44000,28600,,
183,camisas,Camisas,Based Roja,Rojo,XS×1,1,44000,28600,,
184,camisas,Camisas,Balte Cuello Farenenheite,,XL×1,1,44000,28600,,
185,camisas,Camisas,Boat Blanca Barcos,Blanco,L×3 | XL×2,5,44000,28600,,
186,camisas,Camisas,Brave Lobo,,XXL×1,1,44000,28600,,
187,camisas,Camisas,Caly Blanca Dorado,Dorado,S×1,1,44000,28600,,
188,camisas,Camisas,Chess Blanca Ajedrez,Blanco,XL×2,2,44000,28600,,
189,camisas,Camisas,Culture Blanca Espalda Roja,Rojo,XXL×1,1,44000,28600,,
190,camisas,Camisas,Excuses Lila Abajo,Lila,S×1 | M×1 | L×1,3,44000,28600,,
191,camisas,Camisas,Experience Blanca Tecno,Blanco,XL×1,1,44000,28600,,
192,camisas,Camisas,Goal Verde,Verde,L×2 | XXL×1,3,44000,28600,,
193,camisas,Camisas,Heritage Negra,Negro,S×4 | M×1 | L×1,6,44000,28600,,
194,camisas,Camisas,Heritage Gris / Verde,Verde,S×2 | M×1,3,44000,28600,,
195,camisas,Camisas,Hight Tension Blanca Verde Fluo,Verde Fluo,XL×1,1,44000,28600,,
196,camisas,Camisas,Irreverence Blanca,Blanco,M×3,3,44000,28600,,
197,camisas,Camisas,Irreverence Negra,Negro,S×1,1,44000,28600,,
198,camisas,Camisas,Irreverence Gris,Gris,S×3 | M×2,5,44000,28600,,
199,camisas,Camisas,Lent Blanca Lentejuelas,Blanco,XXL×1,1,44000,28600,,
200,camisas,Camisas,Less Negra Cuadrado,Negro,XS×1 | S×2,3,44000,28600,,
201,camisas,Camisas,Mako Negra Lisa,Negro,S×1 | M×1 | L×1 | XXL×1,4,44000,28600,,
202,camisas,Camisas,Pract Negra Letras Blancas,Negro,XS×1 | S×1,2,44000,28600,,
203,camisas,Camisas,Pract Blanca,Blanco,XS×1,1,44000,28600,,
204,camisas,Camisas,Premier Blanca Hombros,Blanco,S×1 | M×2 | L×2 | XL×1 | XXL×1,7,44000,28600,,
205,camisas,Camisas,Premier Negra,Negro,S×1 | M×2,3,44000,28600,,
206,camisas,Camisas,Proclaim Marron Nueva,Marrón,S×2 | M×1 | XL×1 | XXL×2,6,44000,28600,,
207,camisas,Camisas,Raphy Gris,Gris,XS×1 | S×2 | L×2,5,44000,28600,,
208,camisas,Camisas,Raphy Bordó,Bordó,XS×2 | S×2,4,44000,28600,,
209,camisas,Camisas,Redefin Marrón,Marrón,S×3,3,44000,28600,,
210,camisas,Camisas,Ronet Negra,Negro,XS×1 | S×2 | M×1,4,44000,28600,,
211,camisas,Camisas,Ronet Verde,Verde,S×1,1,44000,28600,,
212,camisas,Camisas,Roys Verde,Verde,XS×1,1,44000,28600,,
213,camisas,Camisas,Solub Negra,Negro,XL×1 | XXL×1,2,44000,28600,,
214,camisas,Camisas,Steadfast Blanca,Blanco,XL×1,1,44000,28600,,
215,camisas,Camisas,Take Verde,Verde,XS×4 | S×5,9,44000,28600,,
216,camisas,Camisas,Take Time Blanca,Blanco,XXL×1,1,44000,28600,,
217,camisas,Camisas,Tiger Blanca Tigre,Blanco,S×1 | M×2 | XL×1,4,44000,28600,,
218,camisas,Camisas,Tover Marrón Brotherhood,Marrón,XS×1 | S×1,2,44000,28600,,
219,camisas,Camisas,Venti Negra,Negro,M×1 | L×1,2,44000,28600,,
220,camisas,Camisas,Venti Blanca,Blanco,S×2,2,44000,28600,,
221,camisas,Camisas,Basica Mockba Manga Mk,,XL×1 | XXL×1,2,44000,28600,,
222,camisas,Camisas,Basica Bruno Manga Mockba Negro,Negro,XS×1 | M×2 | XL×1,4,44000,28600,,
223,camisas,Camisas,Basica Bruno Manga Mockba Blanco,Blanco,S×2,2,44000,28600,,
224,camisas,Camisas,Escote V Blanca,Blanco,XXL×1,1,44000,28600,,
225,camisas,Camisas,Cut Hielo,,M×2 | L×3 | XL×1,6,44000,28600,,
226,camisas,Camisas,Cut Crudo,,M×2,2,44000,28600,,
227,camisas,Camisas,Cut Negra,Negro,XS×1,1,44000,28600,,
228,camisas,Camisas,Jack Varias Costuras,,XXL×1,1,44000,28600,,
229,camisas,Camisas,Basica Negra,Negro,XS×3 | S×4,7,44000,28600,,
230,camisas,Camisas,Basica Blanca,Blanco,XS×3 | S×4 | M×4,11,44000,28600,,
231,camisas,Camisas,Manga Larga Blanca,Blanco,XS×1 | S×4 | M×5 | L×6 | XL×4 | XXL×2,22,44000,28600,,
232,camisas,Camisas,Manga Larga Negra,Negro,XS×1 | S×3 | M×3 | L×4,11,44000,28600,,
233,camisas,Camisas,Manga Larga Day Long Redondel,,S×2 | XL×1 | XXL×1,4,44000,28600,,
234,camisas,Camisas,Manga Larga Blanca Motañas,Blanco,S×2 | M×1 | XXL×1,4,44000,28600,,
235,camisas,Camisas,Manga Larga Azul Montañas,Azul,L×1,1,44000,28600,,
236,camisas,Camisas,Manga Larga Gris Farenheite,Gris,M×1 | L×1,2,44000,28600,,
237,camisas,Camisas,Manga Larga Blanca Farenheite,Blanco,S×1 | M×1 | L×2 | XXL×1,5,44000,28600,,
238,remeras,Remeras,All Express Roja,Rojo,XL×2 | XXL×1,3,36500,23700,,
239,remeras,Remeras,A Lot Negra,Negro,S×2 | M×1,3,36500,23700,,
240,remeras,Remeras,Altive Blanca,Blanco,S×1,1,36500,23700,,
241,remeras,Remeras,Altive Negra,Negro,M×2,2,36500,23700,,
242,remeras,Remeras,Antua Celeste,Celeste,M×2,2,36500,23700,,
243,remeras,Remeras,Bad Habit Blanca Letra Rojas,Blanco,M×1 | XXL×1,2,36500,23700,,
244,remeras,Remeras,Based Roja,Rojo,S×1,1,36500,23700,,
245,remeras,Remeras,Boat Blanca Barcos,Blanco,XL×3 | XXL×2,5,36500,23700,,
246,remeras,Remeras,Caly Blanca Dorado,Dorado,M×1,1,36500,23700,,
247,remeras,Remeras,Chess Blanca Ajedrez,Blanco,XXL×2,2,36500,23700,,
248,remeras,Remeras,Excuses Lila Abajo,Lila,XL×1 | XXL×1,2,36500,23700,,
249,remeras,Remeras,Experience Blanca Tecno,Blanco,XXL×1,1,36500,23700,,
250,remeras,Remeras,Goal Verde,Verde,XL×2,2,36500,23700,,
251,remeras,Remeras,Heritage Negra,Negro,M×4 | L×1 | XL×1,6,36500,23700,,
252,remeras,Remeras,Heritage Gris / Verde,Verde,M×2 | L×1,3,36500,23700,,
253,remeras,Remeras,Hight Tension Blanca Verde Fluo,Verde Fluo,XXL×1,1,36500,23700,,
254,remeras,Remeras,Irreverence Blanca,Blanco,L×3,3,36500,23700,,
255,remeras,Remeras,Irreverence Negra,Negro,M×1,1,36500,23700,,
256,remeras,Remeras,Irreverence Gris,Gris,M×3 | L×2,5,36500,23700,,
257,remeras,Remeras,Less Negra Cuadrado,Negro,S×1 | M×2,3,36500,23700,,
258,remeras,Remeras,Method Amarilla,Amarillo,XL×2,2,36500,23700,,
259,remeras,Remeras,Pract Negra Letras Blancas,Negro,S×1 | M×1,2,36500,23700,,
260,remeras,Remeras,Pract Blanca,Blanco,M×1,1,36500,23700,,
261,remeras,Remeras,Premier Blanca,Blanco,M×1 | L×2 | XL×2 | XXL×1,6,36500,23700,,
262,remeras,Remeras,Premier Negra,Negro,M×1 | L×2,3,36500,23700,,
263,remeras,Remeras,Raphy Gris,Gris,S×1 | M×2,3,36500,23700,,
264,remeras,Remeras,Raphy Bordó,Bordó,S×2 | M×2,4,36500,23700,,
265,remeras,Remeras,Redefin Marrón,Marrón,M×3 | L×1,4,36500,23700,,
266,remeras,Remeras,Ronet Negra,Negro,S×1 | M×2 | L×1,4,36500,23700,,
267,remeras,Remeras,Ronet Verde,Verde,M×1,1,36500,23700,,
268,remeras,Remeras,Roys Verde,Verde,S×1,1,36500,23700,,
269,remeras,Remeras,Steadfast Blanca,Blanco,XXL×1,1,36500,23700,,
270,remeras,Remeras,Take Verde,Verde,S×4 | M×5,9,36500,23700,,
271,remeras,Remeras,Tiger Blanca Tigre,Blanco,M×1 | L×2 | XXL×1,4,36500,23700,,
272,remeras,Remeras,Tover Marrón Brotherhood,Marrón,S×1 | M×1,2,36500,23700,,
273,remeras,Remeras,Venti Negra,Negro,L×1 | XL×1,2,36500,23700,,
274,remeras,Remeras,Venti Blanca,Blanco,M×2,2,36500,23700,,
275,remeras,Remeras,Basicas Manga Mk Blanca,Blanco,XXL×1,1,36500,23700,,
276,remeras,Remeras,Basica Bruno Manga Mockba Blanco,Blanco,L×2 | XXL×1,3,36500,23700,,
277,remeras,Remeras,Basica Bruno Manga Mockba Negro,Negro,M×2,2,36500,23700,,
278,remeras,Remeras,Cut Hielo,,L×2 | XL×3 | XXL×1,6,36500,23700,,
279,remeras,Remeras,Cut Crudo,,L×1,1,36500,23700,,
280,remeras,Remeras,Cut Negra,Negro,S×1,1,36500,23700,,
281,remeras,Remeras,Basica Negra,Negro,S×3 | M×5,8,36500,23700,,
282,remeras,Remeras,Basica Blanca,Blanco,S×3 | M×4 | L×4,11,36500,23700,,
283,remeras,Remeras,Manga Larga Blanca,Blanco,S×1 | M×4 | L×5 | XL×6 | XXL×4,20,36500,23700,,
284,remeras,Remeras,Manga Larga Negra,Negro,S×1 | M×3 | L×3 | XL×4,11,36500,23700,,
285,remeras,Remeras,Manga Larga Blanca Motañas,Blanco,M×1 | L×1,2,36500,23700,,
286,remeras,Remeras,Manga Larga Azul Montañas,Azul,XL×1,1,36500,23700,,
287,remeras,Remeras,Manga Larga Gris Farenheite,Gris,XL×1,1,36500,23700,,
288,remeras,Remeras,Manga Larga Blanca Farenheite,Blanco,M×1 | L×1 | XL×2,4,36500,23700,,
289,remeras,Remeras,Manga Larga Escrita Manga,,XL×1,1,36500,23700,,
290,remeras,Remeras,Chaleco Vestir,,S×1 | M×1 | XL×2,4,36500,23700,,
291,camperas,Camperas,Bilban Camuflada,,S×1,1,55000,35800,,
292,camperas,Camperas,Roux Negra Capucha Azul,Azul,S×1,1,55000,35800,,
293,camperas,Camperas,Roux Azul Capucha Blanca,Blanco,S×1 | M×1 | L×1 | XL×1,4,55000,35800,,
294,camperas,Camperas,Doble Cierre Gris,Gris,S×1 | M×2 | L×3,6,55000,35800,,
295,camperas,Camperas,Doble Cierre Negra,Negro,L×1,1,55000,35800,,
296,camperas,Camperas,Aguila,,S×2 | M×1 | L×1 | XL×1,5,55000,35800,,
297,camperas,Camperas,Negra,Negro,S×1,1,55000,35800,,
298,camperas,Camperas,Verde,Verde,S×2 | M×1 | XL×1,4,55000,35800,,
299,camperas,Camperas,Burka Gris Oscura,Gris Oscuro,S×1,1,55000,35800,,
300,camperas,Camperas,Blier,,S×3,3,55000,35800,,
301,camperas,Camperas,Azul Oscura,Azul Oscuro,S×1,1,55000,35800,,
302,camperas,Camperas,Trebek,,S×1,1,55000,35800,,
303,camperas,Camperas,Borys Azul,Azul,S×2,2,55000,35800,,
304,camperas,Camperas,Borys Gris,Gris,M×2 | L×1,3,55000,35800,,
305,camperas,Camperas,Disconnect Beige,Beige,XS×1 | S×1 | M×1,3,55000,35800,,
306,camperas,Camperas,Danilo Finita Negra,Negro,S×1 | M×2 | L×3,6,55000,35800,,
307,camperas,Camperas,Dictino Mk Mangas Blancas,,S×1 | L×1,2,55000,35800,,
308,camperas,Camperas,Stain Gris Letra,Gris,S×1,1,55000,35800,,
309,camperas,Camperas,Stay Gris,Gris,M×1 | XL×1,2,55000,35800,,
310,camperas,Camperas,Rober Negra,Negro,S×1,1,55000,35800,,
311,camperas,Camperas,Rober Bengalina,,S×1,1,55000,35800,,
312,mallas,Mallas,B - 8 Flores Fucsia,Fucsia,S×2 | M×2 | L×2 | XL×1,7,8500,5500,,
313,mallas,Mallas,F - 4 Piedras Fucsia,Fucsia,M×3 | L×2 | XL×3,8,8500,5500,,
314,mallas,Mallas,J - 4 Camuflado Gris Puntos,Gris,M×1,1,8500,5500,,
315,mallas,Mallas,P - 8 Flores Y Calaberas,,S×3 | M×2 | L×2 | XL×1,8,8500,5500,,
316,mallas,Mallas,Roja Lisa,Rojo,XL×1,1,8500,5500,,
317,mallas,Mallas,Calabera,,S×1 | M×2 | XL×1,4,8500,5500,,
318,mallas,Mallas,Tiger Negra Con Tigres,Negro,XS×2 | S×4 | M×2,8,8500,5500,,
319,mallas,Mallas,Brash Negra,Negro,XS×1 | S×2 | M×1 | L×2,6,8500,5500,,
320,mallas,Mallas,Brash Blanca,Blanco,S×1 | M×1,2,8500,5500,,
